disciplina,aula,passaram,reprovaram,pct_reprovacao
AMBIENTAÇÃO EM EaD,O que é o EAD?,444,1,0.2
AMBIENTAÇÃO EM EaD,O seu Papel Aluno EAD,445,1,0.2
AMBIENTAÇÃO EM EaD,"Boas Vindas ",450,0,0.0
AMBIENTAÇÃO EM EaD,Organizando seus Estudos,444,0,0.0
AMBIENTAÇÃO EM EaD,Técnicas de Aprendizagem,445,0,0.0
AMBIENTAÇÃO EM EaD,Lendo e Compreendendo Textos,444,0,0.0
AMBIENTAÇÃO EM EaD,Assistindo Vídeos com Eficiência,445,0,0.0
AMBIENTAÇÃO EM EaD,Participando de Atividades,445,0,0.0
AMBIENTAÇÃO EM EaD,Tirando Dúvidas e Buscando Ajuda,445,0,0.0
AMBIENTAÇÃO EM EaD,Dicas Finais e Motivação,445,0,0.0
"INTRODUÇÃO AO SETOR PORTUÁRIO, CIDADES E MEIO AMBIENTE",Boas-vindas à Disciplina,445,0,0.0
"INTRODUÇÃO AO SETOR PORTUÁRIO, CIDADES E MEIO AMBIENTE",O que é um Porto?,445,0,0.0
"INTRODUÇÃO AO SETOR PORTUÁRIO, CIDADES E MEIO AMBIENTE",História dos Portos Brasileiros,445,0,0.0
"INTRODUÇÃO AO SETOR PORTUÁRIO, CIDADES E MEIO AMBIENTE",Tipos de Portos no Brasil,445,0,0.0
"INTRODUÇÃO AO SETOR PORTUÁRIO, CIDADES E MEIO AMBIENTE",Conhecendo os Portos da PortosRio,445,0,0.0
"INTRODUÇÃO AO SETOR PORTUÁRIO, CIDADES E MEIO AMBIENTE",Navios e Embarcações,445,0,0.0
"INTRODUÇÃO AO SETOR PORTUÁRIO, CIDADES E MEIO AMBIENTE",Cargas e Contêiners,445,0,0.0
"INTRODUÇÃO AO SETOR PORTUÁRIO, CIDADES E MEIO AMBIENTE",A Cadeia Logística Portuária,445,0,0.0
"INTRODUÇÃO AO SETOR PORTUÁRIO, CIDADES E MEIO AMBIENTE",Trabalhadores do Porto,445,0,0.0
"INTRODUÇÃO AO SETOR PORTUÁRIO, CIDADES E MEIO AMBIENTE","Porto, Cidade e Desenvolvimento",445,0,0.0
"INTRODUÇÃO AO SETOR PORTUÁRIO, CIDADES E MEIO AMBIENTE",Porto e Comunidade,445,0,0.0
"INTRODUÇÃO AO SETOR PORTUÁRIO, CIDADES E MEIO AMBIENTE","Meio Ambiente, Sustentabilidade e Futuro",445,0,0.0
COMUNICAÇÃO NO AMBIENTE DE TRABALHO,Boas-vindas à Disciplina,445,0,0.0
COMUNICAÇÃO NO AMBIENTE DE TRABALHO,O que é Comunicação?,444,0,0.0
COMUNICAÇÃO NO AMBIENTE DE TRABALHO,Comunicação Verbal — Falar com Clareza,444,0,0.0
COMUNICAÇÃO NO AMBIENTE DE TRABALHO,Comunicação Não Verbal — O Corpo Fala,444,0,0.0
COMUNICAÇÃO NO AMBIENTE DE TRABALHO,Comunicação Escrita — E-mail e Mensagens,444,0,0.0
COMUNICAÇÃO NO AMBIENTE DE TRABALHO,Ouvir com Atenção — Escuta Ativa,444,0,0.0
COMUNICAÇÃO NO AMBIENTE DE TRABALHO,Comunicação em Equipe,444,0,0.0
COMUNICAÇÃO NO AMBIENTE DE TRABALHO,Conflitos e Como Resolvê-los,443,0,0.0
COMUNICAÇÃO NO AMBIENTE DE TRABALHO,"Comunicação com Superiores e Clientes ",50,0,0.0
COMUNICAÇÃO NO AMBIENTE DE TRABALHO,Comunicação Digital no Trabalho,50,0,0.0
COMUNICAÇÃO NO AMBIENTE DE TRABALHO,Diversidade e Comunicação Inclusiva,50,0,0.0
COMUNICAÇÃO NO AMBIENTE DE TRABALHO,"Comunicação e Carreira Portuária ",50,0,0.0
MEIO AMBIENTE E ECOSSISTEMAS COSTEIROS,Boas-vindas à Disciplina,50,0,0.0
MEIO AMBIENTE E ECOSSISTEMAS COSTEIROS,"O que é Meio Ambiente? ",50,0,0.0
MEIO AMBIENTE E ECOSSISTEMAS COSTEIROS,"Ecossistemas Costeiros Brasileiros ",50,0,0.0
MEIO AMBIENTE E ECOSSISTEMAS COSTEIROS,"Manguezais — As Florestas do Mar ",50,0,0.0
MEIO AMBIENTE E ECOSSISTEMAS COSTEIROS,"A Baia de Guanabara --- Passado e Presente ",50,0,0.0
MEIO AMBIENTE E ECOSSISTEMAS COSTEIROS,"Impactos da Atividade Portuária no Meio Ambiente ",50,0,0.0
MEIO AMBIENTE E ECOSSISTEMAS COSTEIROS,Áreas Protegidas e Unidades de Conservação,50,0,0.0
MEIO AMBIENTE E ECOSSISTEMAS COSTEIROS,"Água de Lastro e Espécies Invasoras ",50,0,0.0
MEIO AMBIENTE E ECOSSISTEMAS COSTEIROS,"Mudanças Climáticas e a Costa ",50,0,0.0
MEIO AMBIENTE E ECOSSISTEMAS COSTEIROS,"Convenção de Ramsar e Zonas Umidas ",50,0,0.0
MEIO AMBIENTE E ECOSSISTEMAS COSTEIROS,"O que Você Pode Fazer --- Cidadania Ambiental ",50,0,0.0
MEIO AMBIENTE E ECOSSISTEMAS COSTEIROS,"Futuro dos Ecossistemas Costeiros ",50,0,0.0
LEGISLAÇÃO BÁSICA PORTUÁRIA E AMBIENTAL,Boas-vindas à Disciplina,33,0,0.0
LEGISLAÇÃO BÁSICA PORTUÁRIA E AMBIENTAL,O que é Legislação? --- Leis que Protegem Voce,32,0,0.0
LEGISLAÇÃO BÁSICA PORTUÁRIA E AMBIENTAL,A Lei dos Portos --- Lei n. 12.815/2013,32,0,0.0
LEGISLAÇÃO BÁSICA PORTUÁRIA E AMBIENTAL,"Autoridades Portuárias --- Quem Manda no Porto? ",32,0,0.0